{
    "properties": {
        "__categories": [
            {
                "expanded": true,
                "id": "screen",
                "visible": true
            }
        ],
        "__groups": [
        ],
        "id": {
            "enabled": true,
            "type": "uuid",
            "value": "{a7089ba3-7e71-4bbf-8ea0-ecaabf3a6e86}",
            "visible": true
        },
        "name": {
            "enabled": true,
            "type": "text",
            "value": "Screen0",
            "visible": true
        }
    },
    "startup": true,
    "window": {
        "children": [
            {
                "properties": {
                    "__categories": [
                        {
                            "expanded": true,
                            "id": "editorOptions",
                            "visible": true
                        },
                        {
                            "expanded": true,
                            "id": "widget",
                            "visible": true
                        },
                        {
                            "expanded": true,
                            "id": "textwidget",
                            "visible": true
                        },
                        {
                            "expanded": true,
                            "id": "button",
                            "visible": true
                        }
                    ],
                    "__groups": [
                        {
                            "expanded": false,
                            "id": "position",
                            "visible": true
                        },
                        {
                            "expanded": false,
                            "id": "size",
                            "visible": true
                        },
                        {
                            "expanded": false,
                            "id": "alignment",
                            "visible": true
                        },
                        {
                            "expanded": false,
                            "id": "text_alignment",
                            "visible": true
                        }
                    ],
                    "autoresize": {
                        "enabled": true,
                        "type": "boolean",
                        "value": true,
                        "visible": true
                    },
                    "border": {
                        "enabled": true,
                        "type": "integer",
                        "value": 2,
                        "visible": true
                    },
                    "border_radius": {
                        "enabled": true,
                        "type": "float",
                        "value": 12,
                        "visible": true
                    },
                    "checked": {
                        "enabled": true,
                        "type": "boolean",
                        "value": false,
                        "visible": true
                    },
                    "editorExpanded": {
                        "enabled": true,
                        "type": "boolean",
                        "value": true,
                        "visible": true
                    },
                    "editorHidden": {
                        "enabled": true,
                        "type": "boolean",
                        "value": false,
                        "visible": true
                    },
                    "editorLocked": {
                        "enabled": true,
                        "type": "boolean",
                        "value": false,
                        "visible": true
                    },
                    "enabled": {
                        "enabled": true,
                        "type": "boolean",
                        "value": true,
                        "visible": true
                    },
                    "grabmouse": {
                        "enabled": true,
                        "type": "boolean",
                        "value": true,
                        "visible": true
                    },
                    "halign": {
                        "enabled": true,
                        "type": "combo",
                        "value": 1,
                        "visible": true
                    },
                    "height": {
                        "enabled": true,
                        "type": "integer",
                        "value": 160,
                        "visible": true
                    },
                    "id": {
                        "enabled": true,
                        "type": "uuid",
                        "value": "{e3e74862-8689-4822-b001-02834db6250e}",
                        "visible": true
                    },
                    "layout": {
                        "enabled": true,
                        "type": "boolean",
                        "value": true,
                        "visible": true
                    },
                    "margin": {
                        "enabled": true,
                        "type": "integer",
                        "value": 0,
                        "visible": true
                    },
                    "name": {
                        "enabled": true,
                        "type": "text",
                        "value": "Button1",
                        "visible": true
                    },
                    "padding": {
                        "enabled": true,
                        "type": "integer",
                        "value": 0,
                        "visible": true
                    },
                    "text": {
                        "enabled": true,
                        "type": "TextEdit",
                        "value": "Start",
                        "visible": true
                    },
                    "text_halign": {
                        "enabled": true,
                        "type": "combo",
                        "value": 1,
                        "visible": true
                    },
                    "text_valign": {
                        "enabled": true,
                        "type": "combo",
                        "value": 1,
                        "visible": true
                    },
                    "valign": {
                        "enabled": true,
                        "type": "combo",
                        "value": 1,
                        "visible": true
                    },
                    "visible": {
                        "enabled": true,
                        "type": "boolean",
                        "value": true,
                        "visible": true
                    },
                    "widget_active_bg": {
                        "enabled": true,
                        "type": "image",
                        "value": "",
                        "visible": true
                    },
                    "widget_checked_bg": {
                        "enabled": true,
                        "type": "image",
                        "value": "",
                        "visible": true
                    },
                    "widget_disabled_bg": {
                        "enabled": true,
                        "type": "image",
                        "value": "",
                        "visible": true
                    },
                    "widget_fillflags": {
                        "enabled": true,
                        "type": "combo",
                        "value": 2,
                        "visible": true
                    },
                    "widget_font": {
                        "enabled": true,
                        "type": "font",
                        "value": {
                            "family": "Sans Serif",
                            "pointSize": 24,
                            "style": 0,
                            "weight": 400
                        },
                        "visible": true
                    },
                    "widget_normal_bg": {
                        "enabled": true,
                        "type": "image",
                        "value": "",
                        "visible": true
                    },
                    "widget_palette": {
                        "enabled": true,
                        "type": "Palette",
                        "visible": true
                    },
                    "width": {
                        "enabled": true,
                        "type": "integer",
                        "value": 200,
                        "visible": true
                    },
                    "x": {
                        "enabled": true,
                        "type": "integer",
                        "value": 260,
                        "visible": true
                    },
                    "y": {
                        "enabled": true,
                        "type": "integer",
                        "value": 560,
                        "visible": true
                    }
                },
                "type": "ButtonWidget"
            },
            {
                "properties": {
                    "__categories": [
                        {
                            "expanded": true,
                            "id": "editorOptions",
                            "visible": true
                        },
                        {
                            "expanded": true,
                            "id": "widget",
                            "visible": true
                        },
                        {
                            "expanded": true,
                            "id": "ValueRangeWidget",
                            "visible": true
                        },
                        {
                            "expanded": true,
                            "id": "SpinProgress",
                            "visible": true
                        }
                    ],
                    "__groups": [
                        {
                            "expanded": true,
                            "id": "position",
                            "visible": true
                        },
                        {
                            "expanded": true,
                            "id": "size",
                            "visible": true
                        },
                        {
                            "expanded": false,
                            "id": "alignment",
                            "visible": true
                        }
                    ],
                    "autoresize": {
                        "enabled": true,
                        "type": "boolean",
                        "value": true,
                        "visible": true
                    },
                    "border": {
                        "enabled": true,
                        "type": "integer",
                        "value": 0,
                        "visible": true
                    },
                    "border_radius": {
                        "enabled": true,
                        "type": "float",
                        "value": 0,
                        "visible": true
                    },
                    "editorExpanded": {
                        "enabled": true,
                        "type": "boolean",
                        "value": true,
                        "visible": true
                    },
                    "editorHidden": {
                        "enabled": true,
                        "type": "boolean",
                        "value": false,
                        "visible": true
                    },
                    "editorLocked": {
                        "enabled": true,
                        "type": "boolean",
                        "value": false,
                        "visible": true
                    },
                    "enabled": {
                        "enabled": true,
                        "type": "boolean",
                        "value": true,
                        "visible": true
                    },
                    "grabmouse": {
                        "enabled": true,
                        "type": "boolean",
                        "value": false,
                        "visible": true
                    },
                    "halign": {
                        "enabled": true,
                        "type": "combo",
                        "value": 1,
                        "visible": true
                    },
                    "height": {
                        "enabled": true,
                        "type": "integer",
                        "value": 400,
                        "visible": true
                    },
                    "id": {
                        "enabled": true,
                        "type": "uuid",
                        "value": "{ab10488b-970c-4332-bec3-2024daeba257}",
                        "visible": true
                    },
                    "layout": {
                        "enabled": true,
                        "type": "boolean",
                        "value": true,
                        "visible": true
                    },
                    "margin": {
                        "enabled": true,
                        "type": "integer",
                        "value": 0,
                        "visible": true
                    },
                    "name": {
                        "enabled": true,
                        "type": "text",
                        "value": "SpinProgress1",
                        "visible": true
                    },
                    "padding": {
                        "enabled": true,
                        "type": "integer",
                        "value": 0,
                        "visible": true
                    },
                    "progressbar_show_label": {
                        "enabled": true,
                        "type": "boolean",
                        "value": true,
                        "visible": true
                    },
                    "valign": {
                        "enabled": true,
                        "type": "combo",
                        "value": 0,
                        "visible": true
                    },
                    "visible": {
                        "enabled": true,
                        "type": "boolean",
                        "value": true,
                        "visible": true
                    },
                    "vr_ending": {
                        "enabled": true,
                        "type": "integer",
                        "value": 100,
                        "visible": true
                    },
                    "vr_starting": {
                        "enabled": true,
                        "type": "integer",
                        "value": 0,
                        "visible": true
                    },
                    "vr_stepping": {
                        "enabled": true,
                        "type": "integer",
                        "value": 5,
                        "visible": true
                    },
                    "vr_value": {
                        "enabled": true,
                        "type": "integer",
                        "value": 0,
                        "visible": true
                    },
                    "widget_active_bg": {
                        "enabled": true,
                        "type": "image",
                        "value": "",
                        "visible": true
                    },
                    "widget_checked_bg": {
                        "enabled": true,
                        "type": "image",
                        "value": "",
                        "visible": true
                    },
                    "widget_disabled_bg": {
                        "enabled": true,
                        "type": "image",
                        "value": "",
                        "visible": true
                    },
                    "widget_fillflags": {
                        "enabled": true,
                        "type": "combo",
                        "value": 2,
                        "visible": true
                    },
                    "widget_font": {
                        "enabled": true,
                        "type": "font",
                        "value": {
                            "family": "Sans Serif",
                            "pointSize": 48,
                            "style": 0,
                            "weight": 400
                        },
                        "visible": true
                    },
                    "widget_normal_bg": {
                        "enabled": true,
                        "type": "image",
                        "value": "",
                        "visible": true
                    },
                    "widget_palette": {
                        "enabled": true,
                        "type": "Palette",
                        "visible": true
                    },
                    "width": {
                        "enabled": true,
                        "type": "integer",
                        "value": 400,
                        "visible": true
                    },
                    "x": {
                        "enabled": true,
                        "type": "integer",
                        "value": 160,
                        "visible": true
                    },
                    "y": {
                        "enabled": true,
                        "type": "integer",
                        "value": 120,
                        "visible": true
                    }
                },
                "type": "SpinProgress"
            }
        ],
        "properties": {
            "__categories": [
                {
                    "expanded": true,
                    "id": "editorOptions",
                    "visible": true
                },
                {
                    "expanded": true,
                    "id": "widget",
                    "visible": true
                },
                {
                    "expanded": true,
                    "id": "window",
                    "visible": true
                }
            ],
            "__groups": [
                {
                    "expanded": false,
                    "id": "position",
                    "visible": true
                },
                {
                    "expanded": false,
                    "id": "size",
                    "visible": true
                },
                {
                    "expanded": false,
                    "id": "alignment",
                    "visible": true
                }
            ],
            "autoresize": {
                "enabled": true,
                "type": "boolean",
                "value": true,
                "visible": true
            },
            "border": {
                "enabled": true,
                "type": "integer",
                "value": 0,
                "visible": true
            },
            "border_radius": {
                "enabled": true,
                "type": "float",
                "value": 0,
                "visible": true
            },
            "editorExpanded": {
                "enabled": true,
                "type": "boolean",
                "value": true,
                "visible": true
            },
            "editorHidden": {
                "enabled": true,
                "type": "boolean",
                "value": false,
                "visible": true
            },
            "editorLocked": {
                "enabled": true,
                "type": "boolean",
                "value": false,
                "visible": true
            },
            "enabled": {
                "enabled": true,
                "type": "boolean",
                "value": true,
                "visible": true
            },
            "grabmouse": {
                "enabled": true,
                "type": "boolean",
                "value": false,
                "visible": true
            },
            "halign": {
                "enabled": true,
                "type": "combo",
                "value": 0,
                "visible": true
            },
            "height": {
                "enabled": false,
                "type": "integer",
                "value": 1280,
                "visible": true
            },
            "id": {
                "enabled": true,
                "type": "uuid",
                "value": "{625ea6c6-ea6e-4b3b-91cc-c6c0c857e6d8}",
                "visible": true
            },
            "layout": {
                "enabled": true,
                "type": "boolean",
                "value": true,
                "visible": true
            },
            "margin": {
                "enabled": true,
                "type": "integer",
                "value": 0,
                "visible": true
            },
            "name": {
                "enabled": true,
                "type": "text",
                "value": "Window1",
                "visible": true
            },
            "padding": {
                "enabled": true,
                "type": "integer",
                "value": 0,
                "visible": true
            },
            "pixel_format": {
                "enabled": true,
                "type": "combo",
                "value": 1,
                "visible": true
            },
            "valign": {
                "enabled": true,
                "type": "combo",
                "value": 0,
                "visible": true
            },
            "visible": {
                "enabled": true,
                "type": "boolean",
                "value": true,
                "visible": true
            },
            "widget_active_bg": {
                "enabled": true,
                "type": "image",
                "value": "",
                "visible": true
            },
            "widget_checked_bg": {
                "enabled": true,
                "type": "image",
                "value": "",
                "visible": true
            },
            "widget_disabled_bg": {
                "enabled": true,
                "type": "image",
                "value": "",
                "visible": true
            },
            "widget_fillflags": {
                "enabled": true,
                "type": "combo",
                "value": 1,
                "visible": true
            },
            "widget_font": {
                "enabled": true,
                "type": "font",
                "visible": true
            },
            "widget_normal_bg": {
                "enabled": true,
                "type": "image",
                "value": "",
                "visible": true
            },
            "widget_palette": {
                "enabled": true,
                "type": "Palette",
                "visible": true
            },
            "width": {
                "enabled": false,
                "type": "integer",
                "value": 720,
                "visible": true
            },
            "window_hint": {
                "enabled": true,
                "type": "combo",
                "value": 0,
                "visible": true
            },
            "x": {
                "enabled": false,
                "type": "integer",
                "value": 0,
                "visible": true
            },
            "y": {
                "enabled": false,
                "type": "integer",
                "value": 0,
                "visible": true
            }
        },
        "type": "ScreenWindowWidget"
    }
}
