<?xml version="1.0" encoding="utf-8"?>
<egt>
	<theme>
		<property name="type">MidnightTheme</property>
	</theme>
	<widgets>
		<widget name="Window0" type="TopWindow">
			<property name="pixelformat">argb8888</property>
			<property name="windowhint">automatic</property>
			<property name="show">true</property>
			<property name="width">720</property>
			<property name="height">1280</property>
			<property name="fillflags">solid</property>
			<widget name="Window1" type="Window">
				<property name="pixelformat">argb8888</property>
				<property name="windowhint">automatic</property>
				<property name="show">true</property>
				<property name="width">720</property>
				<property name="height">1280</property>
				<property name="fillflags">solid</property>
				<widget name="Button1" type="Button">
					<property name="show">true</property>
					<property name="x">260</property>
					<property name="y">560</property>
					<property name="width">200</property>
					<property name="height">160</property>
					<property name="align">center</property>
					<property name="grab_mouse">true</property>
					<property name="border">2</property>
					<property name="border_radius">12</property>
					<property name="fillflags">blend</property>
					<property name="font" weight="normal" slant="normal" size="24.000000">Sans Serif</property>
					<property name="text">Start</property>
					<property name="text_align">center</property>
				</widget>
				<widget name="SpinProgress1" type="SpinProgress">
					<property name="show">true</property>
					<property name="x">160</property>
					<property name="y">120</property>
					<property name="width">400</property>
					<property name="height">400</property>
					<property name="align">center_horizontal</property>
					<property name="fillflags">blend</property>
					<property name="font" weight="normal" slant="normal" size="48.000000">Sans Serif</property>
					<property name="value" starting="0" ending="100" stepping="5">0</property>
					<property name="show_label">true</property>
				</widget>
			</widget>
		</widget>
	</widgets>
</egt>

